{
  "benchmark": "benchmark-dryrun",
  "datasets": {
    "aime24": {
      "dataset": "aime24",
      "total_records": 128,
      "total_questions": 16,
      "total_correct": 80,
      "accuracy": 0.625,
      "pass_at_k": {
        "pass@1": 0.625,
        "pass@2": 0.8482142857142857,
        "pass@4": 0.9607142857142857,
        "pass@8": 1.0
      },
      "method": "vanilla"
    },
    "amc23": {
      "dataset": "amc23",
      "total_records": 128,
      "total_questions": 16,
      "total_correct": 75,
      "accuracy": 0.5859375,
      "pass_at_k": {
        "pass@1": 0.5859375,
        "pass@2": 0.8325892857142856,
        "pass@4": 0.9741071428571428,
        "pass@8": 1.0
      },
      "method": "vanilla"
    },
    "gsm8k": {
      "dataset": "gsm8k",
      "total_records": 128,
      "total_questions": 16,
      "total_correct": 79,
      "accuracy": 0.6171875,
      "pass_at_k": {
        "pass@1": 0.6171875,
        "pass@2": 0.8549107142857143,
        "pass@4": 0.9839285714285715,
        "pass@8": 1.0
      },
      "method": "vanilla"
    },
    "math_500": {
      "dataset": "math_500",
      "total_records": 128,
      "total_questions": 16,
      "total_correct": 79,
      "accuracy": 0.6171875,
      "pass_at_k": {
        "pass@1": 0.6171875,
        "pass@2": 0.84375,
        "pass@4": 0.9580357142857143,
        "pass@8": 1.0
      },
      "method": "vanilla"
    }
  },
  "overall": {
    "method": "vanilla",
    "total_correct": 313,
    "total_records": 512,
    "overall_accuracy": 0.611328125
  }
}